Alexander,Nathan
CI Build,CI Build
CI Build,CI Build
CI Build,CI Build
CI Build,CI Build
Manual Build,Testing
CI Build,CI Build
False positive,Testing
CI Build,CI Build
CI Build,CI Build
CI Build,CI Build
CI Build,CI Build
False positive,False positive
CI Build,CI Build
CI Build,Meta-token
CI Build,CI Build
CI Build,CI Build
False positive,Meta-token
Manual Build,Manual Build
Manual Build,Manual Build
Manual Build,CI Build
CI Build,CI Build
CI Build,CI Build
False positive,CI Build
False positive,False positive
False positive,False positive
CI Build,CI Build
False positive,CI Build
False positive,CI Build
CI Build,CI Build
False positive,False positive
CI Build,CI Build
CI Build,CI Build
CI Build,CI Build
CI Build,CI Build
CI Build,Testing
CI Build,CI Build
False positive,CI Build
CI Build,CI Build
CI Build,CI Build
False positive,Manual Build
CI Build,CI Build
CI Build,CI Build
CI Build,CI Build
Testing,CI Build
CI Build,CI Build
False positive,CI Build
False positive,CI Build
CI Build,CI Build
CI Build,CI Build
CI Build,CI Build
CI Build,CI Build
CI Build,CI Build
False positive,Manual Build
False positive,False positive
Testing,Testing
Testing,Testing
CI Build,CI Build
Manual Build,False positive
Testing,Testing
False positive,Meta-token
False positive,False positive
False positive,False positive
False positive,False positive
Manual Build,CI Build
CI Build,CI Build
CI Build,Meta-token
CI Build,CI Build
Manual Build,Manual Build
CI Build,CI Build
Manual Build,Manual Build
False positive,Manual Build
CI Build,CI Build
Manual Build,CI Build
CI Build,CI Build
CI Build,CI Build
CI Build,CI Build
CI Build,CI Build
False positive,Meta-token
False positive,Meta-token
False positive,Manual Build
False positive,Manual Build
CI Build,CI Build
False positive,False positive
CI Build,CI Build
CI Build,CI Build
CI Build,CI Build
CI Build,CI Build
CI Build,CI Build
CI Build,CI Build
CI Build,CI Build
False positive,False positive
CI Build,Meta-token
CI Build,CI Build
CI Build,CI Build
False positive,False positive
False positive,False positive
False positive,Meta-token
Manual Build,Manual Build
Manual Build,Manual Build
CI Build,CI Build
CI Build,CI Build