Nathan,Alexander
Travis Build,False positive
False positive,False positive
False positive,Travis Build
False positive,False positive
False positive,False positive
Travis Build,Travis Build
Travis Build,Travis Build
False positive,False positive
False positive,False positive
Travis Build,Travis Build
False positive,False positive
Travis Build,False positive
Travis Build,Travis Build
Travis Build,Travis Build
False positive,False positive
False positive,False positive
False positive,False positive
Travis Build,Travis Build
False positive,False positive
Travis Build,Travis Build
False positive,False positive
Travis Build,Travis Build
False positive,False positive
False positive,False positive
False positive,False positive
False positive,Travis Build
Travis Build,Travis Build
Travis Build,Travis Build
False positive,False positive
Travis Build,Travis Build
Travis Build,Travis Build
False positive,False positive
Travis Build,Travis Build
Travis Build,Travis Build
False positive,False positive
Travis Build,Travis Build
False positive,False positive
Travis Build,Travis Build
Travis Build,Travis Build
False positive,Travis Build
Travis Build,Travis Build
False positive,False positive
Travis Build,Travis Build
False positive,False positive
False positive,False positive
Travis Build,False positive
False positive,False positive
False positive,Travis Build
Travis Build,Travis Build
False positive,False positive
Travis Build,Travis Build
False positive,False positive
Travis Build,Travis Build
Travis Build,Travis Build
Travis Build,Travis Build
Travis Build,Travis Build
False positive,False positive
Travis Build,Travis Build
False positive,False positive
Travis Build,Travis Build
False positive,Travis Build
False positive,False positive
False positive,False positive
False positive,False positive
False positive,False positive
Travis Build,Travis Build
Travis Build,Travis Build
False positive,False positive
Travis Build,Travis Build
Travis Build,Travis Build
False positive,False positive
Travis Build,Travis Build
Travis Build,Travis Build
False positive,False positive
Travis Build,False positive
False positive,False positive
False positive,False positive
False positive,False positive
False positive,False positive
False positive,False positive
Travis Build,Travis Build
False positive,False positive
False positive,False positive
False positive,False positive
Travis Build,Travis Build
Travis Build,Travis Build
Travis Build,False positive
Travis Build,Travis Build
False positive,False positive
False positive,False positive
False positive,False positive
Travis Build,Travis Build
False positive,False positive
Travis Build,False positive
False positive,False positive
Travis Build,Travis Build
Travis Build,Travis Build
Travis Build,Travis Build
False positive,False positive
Travis Build,Travis Build